{
    "line": "56",
    "direction": "Lwówek Sląski",
    "przystanek": "Kęty Ratusz",
    "rozkład": {
        "04": [
            "11"
        ],
        "05": [
            "11"
        ],
        "06": [
            "01",
            "11"
        ],
        "07": [
            "01",
            "11"
        ],
        "08": [
            "01",
            "11",
            "41"
        ],
        "09": [
            "01",
            "11"
        ],
        "10": [
            "01",
            "11"
        ],
        "11": [
            "11"
        ],
        "12": [
            "11"
        ],
        "15": [
            "11",
            "41"
        ],
        "16": [
            "01",
            "11"
        ],
        "17": [
            "01",
            "11"
        ],
        "18": [
            "11"
        ],
        "19": [
            "11"
        ],
        "20": [
            "11"
        ]
    }
}