{
    "line": "56",
    "direction": "Lwówek Śląski",
    "przystanek": "Kęty Ratusz",
    "rozkład": {
        "06": [
            "25",
            "52"
        ],
        "07": [
            "25",
            "52"
        ],
        "08": [
            "25",
            "52"
        ],
        "09": [
            "25"
        ],
        "10": [
            "25"
        ],
        "12": [
            "25"
        ],
        "13": [
            "25"
        ],
        "14": [
            "25"
        ],
        "15": [
            "25",
            "52"
        ],
        "16": [
            "25",
            "52"
        ],
        "17": [
            "25"
        ],
        "19": [
            "25"
        ],
        "21": [
            "25"
        ],
        "22": [
            "25"
        ]
    }
}