{
    "line": "56",
    "direction": "Lwówek Sląski",
    "przystanek": "Jaktorów Nż",
    "rozkład": {
        "04": [
            "12"
        ],
        "05": [
            "12"
        ],
        "06": [
            "02",
            "12"
        ],
        "07": [
            "02",
            "12"
        ],
        "08": [
            "02",
            "12",
            "42"
        ],
        "09": [
            "02",
            "12"
        ],
        "10": [
            "02",
            "12"
        ],
        "11": [
            "12"
        ],
        "12": [
            "12"
        ],
        "15": [
            "12",
            "42"
        ],
        "16": [
            "02",
            "12"
        ],
        "17": [
            "02",
            "12"
        ],
        "18": [
            "12"
        ],
        "19": [
            "12"
        ],
        "20": [
            "12"
        ]
    }
}