{
    "line": "56",
    "direction": "Lwówek Sląski",
    "przystanek": "Zagórze",
    "rozkład": {
        "04": [
            "13"
        ],
        "05": [
            "13"
        ],
        "06": [
            "03",
            "13"
        ],
        "07": [
            "03",
            "13"
        ],
        "08": [
            "03",
            "13",
            "43"
        ],
        "09": [
            "03",
            "13"
        ],
        "10": [
            "03",
            "13"
        ],
        "11": [
            "13"
        ],
        "12": [
            "13"
        ],
        "15": [
            "13",
            "43"
        ],
        "16": [
            "03",
            "13"
        ],
        "17": [
            "03",
            "13"
        ],
        "18": [
            "13"
        ],
        "19": [
            "13"
        ],
        "20": [
            "13"
        ]
    }
}