{
    "line": "56",
    "direction": "Lwówek Sląski",
    "przystanek": "Regulice",
    "rozkład": {
        "04": [
            "14"
        ],
        "05": [
            "14"
        ],
        "06": [
            "04",
            "14"
        ],
        "07": [
            "04",
            "14"
        ],
        "08": [
            "04",
            "14",
            "44"
        ],
        "09": [
            "04",
            "14"
        ],
        "10": [
            "04",
            "14"
        ],
        "11": [
            "14"
        ],
        "12": [
            "14"
        ],
        "15": [
            "14",
            "44"
        ],
        "16": [
            "04",
            "14"
        ],
        "17": [
            "04",
            "14"
        ],
        "18": [
            "14"
        ],
        "19": [
            "14"
        ],
        "20": [
            "14"
        ]
    }
}