{
    "line": "56",
    "direction": "Lwówek Sląski",
    "przystanek": "Radłów Nż",
    "rozkład": {
        "04": [
            "15"
        ],
        "05": [
            "15"
        ],
        "06": [
            "05",
            "15"
        ],
        "07": [
            "05",
            "15"
        ],
        "08": [
            "05",
            "15",
            "45"
        ],
        "09": [
            "05",
            "15"
        ],
        "10": [
            "05",
            "15"
        ],
        "11": [
            "15"
        ],
        "12": [
            "15"
        ],
        "15": [
            "15",
            "45"
        ],
        "16": [
            "05",
            "15"
        ],
        "17": [
            "05",
            "15"
        ],
        "18": [
            "15"
        ],
        "19": [
            "15"
        ],
        "20": [
            "15"
        ]
    }
}