{
    "line": "56",
    "direction": "Lwówek Sląski",
    "przystanek": "Sławków Rondo Nż",
    "rozkład": {
        "04": [
            "03"
        ],
        "05": [
            "03",
            "53"
        ],
        "06": [
            "03",
            "53"
        ],
        "07": [
            "03",
            "53"
        ],
        "08": [
            "03",
            "33",
            "53"
        ],
        "09": [
            "03",
            "53"
        ],
        "10": [
            "03"
        ],
        "11": [
            "03"
        ],
        "12": [
            "03"
        ],
        "15": [
            "03",
            "33",
            "53"
        ],
        "16": [
            "03",
            "53"
        ],
        "17": [
            "03"
        ],
        "18": [
            "03"
        ],
        "19": [
            "03"
        ],
        "20": [
            "03"
        ]
    }
}