{
    "line": "56",
    "direction": "Lwówek Sląski",
    "przystanek": "Kozanów STP Nż",
    "rozkład": {
        "04": [
            "04"
        ],
        "05": [
            "04",
            "54"
        ],
        "06": [
            "04",
            "54"
        ],
        "07": [
            "04",
            "54"
        ],
        "08": [
            "04",
            "34",
            "54"
        ],
        "09": [
            "04",
            "54"
        ],
        "10": [
            "04"
        ],
        "11": [
            "04"
        ],
        "12": [
            "04"
        ],
        "15": [
            "04",
            "34",
            "54"
        ],
        "16": [
            "04",
            "54"
        ],
        "17": [
            "04"
        ],
        "18": [
            "04"
        ],
        "19": [
            "04"
        ],
        "20": [
            "04"
        ]
    }
}