{
    "line": "56",
    "direction": "Lwówek Sląski",
    "przystanek": "Herberta",
    "rozkład": {
        "04": [
            "05"
        ],
        "05": [
            "05",
            "55"
        ],
        "06": [
            "05",
            "55"
        ],
        "07": [
            "05",
            "55"
        ],
        "08": [
            "05",
            "35",
            "55"
        ],
        "09": [
            "05",
            "55"
        ],
        "10": [
            "05"
        ],
        "11": [
            "05"
        ],
        "12": [
            "05"
        ],
        "15": [
            "05",
            "35",
            "55"
        ],
        "16": [
            "05",
            "55"
        ],
        "17": [
            "05"
        ],
        "18": [
            "05"
        ],
        "19": [
            "05"
        ],
        "20": [
            "05"
        ]
    }
}