{
    "line": "56",
    "direction": "Lwówek Sląski",
    "przystanek": "Różewicza Nż",
    "rozkład": {
        "04": [
            "06"
        ],
        "05": [
            "06",
            "56"
        ],
        "06": [
            "06",
            "56"
        ],
        "07": [
            "06",
            "56"
        ],
        "08": [
            "06",
            "36",
            "56"
        ],
        "09": [
            "06",
            "56"
        ],
        "10": [
            "06"
        ],
        "11": [
            "06"
        ],
        "12": [
            "06"
        ],
        "15": [
            "06",
            "36",
            "56"
        ],
        "16": [
            "06",
            "56"
        ],
        "17": [
            "06"
        ],
        "18": [
            "06"
        ],
        "19": [
            "06"
        ],
        "20": [
            "06"
        ]
    }
}