{
    "line": "56",
    "direction": "Lwówek Sląski",
    "przystanek": "Karłowicza Nż",
    "rozkład": {
        "04": [
            "07"
        ],
        "05": [
            "07",
            "57"
        ],
        "06": [
            "07",
            "57"
        ],
        "07": [
            "07",
            "57"
        ],
        "08": [
            "07",
            "37",
            "57"
        ],
        "09": [
            "07",
            "57"
        ],
        "10": [
            "07"
        ],
        "11": [
            "07"
        ],
        "12": [
            "07"
        ],
        "15": [
            "07",
            "37",
            "57"
        ],
        "16": [
            "07",
            "57"
        ],
        "17": [
            "07"
        ],
        "18": [
            "07"
        ],
        "19": [
            "07"
        ],
        "20": [
            "07"
        ]
    }
}