{
    "line": "56",
    "direction": "Lwówek Sląski",
    "przystanek": "Stalowa Nż",
    "rozkład": {
        "04": [
            "08"
        ],
        "05": [
            "08",
            "58"
        ],
        "06": [
            "08",
            "58"
        ],
        "07": [
            "08",
            "58"
        ],
        "08": [
            "08",
            "38",
            "58"
        ],
        "09": [
            "08",
            "58"
        ],
        "10": [
            "08"
        ],
        "11": [
            "08"
        ],
        "12": [
            "08"
        ],
        "15": [
            "08",
            "38",
            "58"
        ],
        "16": [
            "08",
            "58"
        ],
        "17": [
            "08"
        ],
        "18": [
            "08"
        ],
        "19": [
            "08"
        ],
        "20": [
            "08"
        ]
    }
}