{
    "line": "56",
    "direction": "Lwówek Sląski",
    "przystanek": "Zagórzany",
    "rozkład": {
        "04": [
            "09"
        ],
        "05": [
            "09",
            "59"
        ],
        "06": [
            "09",
            "59"
        ],
        "07": [
            "09",
            "59"
        ],
        "08": [
            "09",
            "39",
            "59"
        ],
        "09": [
            "09",
            "59"
        ],
        "10": [
            "09"
        ],
        "11": [
            "09"
        ],
        "12": [
            "09"
        ],
        "15": [
            "09",
            "39",
            "59"
        ],
        "16": [
            "09",
            "59"
        ],
        "17": [
            "09"
        ],
        "18": [
            "09"
        ],
        "19": [
            "09"
        ],
        "20": [
            "09"
        ]
    }
}