{
    "line": "56",
    "direction": "Lwówek Sląski",
    "przystanek": "Harbutowice",
    "rozkład": {
        "04": [
            "10"
        ],
        "05": [
            "10"
        ],
        "06": [
            "00",
            "10"
        ],
        "07": [
            "00",
            "10"
        ],
        "08": [
            "00",
            "10",
            "40"
        ],
        "09": [
            "00",
            "10"
        ],
        "10": [
            "00",
            "10"
        ],
        "11": [
            "10"
        ],
        "12": [
            "10"
        ],
        "15": [
            "10",
            "40"
        ],
        "16": [
            "00",
            "10"
        ],
        "17": [
            "00",
            "10"
        ],
        "18": [
            "10"
        ],
        "19": [
            "10"
        ],
        "20": [
            "10"
        ]
    }
}