{
    "line": "9",
    "direction": "Blachownia",
    "przystanek": "Górka Narodowa",
    "rozkład": {
      "04": ["30"],
      "05": ["00", "30"],
      "06": ["00", "30"],
      "07": ["00", "20", "40"],
      "08": ["00", "20", "40"],
      "09": ["00", "30"],
      "10": ["00", "30"],
      "11": ["00", "20", "40"],
      "12": ["00", "20", "40"],
      "13": ["00"],
      "14": ["00","20","40","50"],
      "15": ["00","20","40","50"],
      "16": ["00","20","40"],
      "17": ["00","30"],
      "18": ["00", "30"],
      "19": ["00", "30"],
      "20": ["00", "20", "30", "40"],
      "21": ["00"],
      "22": ["00"],
      "23": ["00x"]

    }
  }
  