{
    "line": "9",
    "direction": "Blachownia",
    "przystanek": "Blachownia PKP",
    "rozkład": {
      "04": ["38"],
      "05": ["08", "38"],
      "06": ["08", "38"],
      "07": ["08", "28", "48"],
      "08": ["08", "28", "48"],
      "09": ["08", "38"],
      "10": ["08", "38"],
      "11": ["08", "28", "48"],
      "12": ["08", "28", "48"],
      "13": ["08"],
      "14": ["08","28","48","58"],
      "15": ["08","28","48","58"],
      "16": ["08","28","48"],
      "17": ["08","38"],
      "18": ["08", "38"],
      "19": ["08", "38"],
      "20": ["08", "28", "38", "48"],
      "21": ["08"],
      "22": ["08"]

    }
  }
  