{
    "line": "9",
    "direction": "Blachownia",
    "przystanek": "Nowosądecka",
    "rozkład": {
      "04": ["31"],
      "05": ["01", "31"],
      "06": ["01", "31"],
      "07": ["01", "21", "41"],
      "08": ["01", "21", "41"],
      "09": ["01", "31"],
      "10": ["01", "31"],
      "11": ["01", "21", "41"],
      "12": ["01", "21", "41"],
      "13": ["01"],
      "14": ["01","21","41","51"],
      "15": ["01","21","41","51"],
      "16": ["01","21","41"],
      "17": ["01","31"],
      "18": ["01", "31"],
      "19": ["01", "31"],
      "20": ["01", "21", "31", "41"],
      "21": ["01"],
      "22": ["01"]

    }
  }
  