{
    "line": "9",
    "direction": "Blachownia",
    "przystanek": "Dw. Główny (T)",
    "rozkład": {
      "04": ["33"],
      "05": ["03", "33"],
      "06": ["03", "33"],
      "07": ["03", "23", "43"],
      "08": ["03", "23", "43"],
      "09": ["03", "33"],
      "10": ["03", "33"],
      "11": ["03", "23", "43"],
      "12": ["03", "23", "43"],
      "13": ["03"],
      "14": ["03","23","43","53"],
      "15": ["03","23","43","53"],
      "16": ["03","23","43"],
      "17": ["03","33"],
      "18": ["03", "33"],
      "19": ["03", "33"],
      "20": ["03", "23", "33", "43"],
      "21": ["03"],
      "22": ["03"]

    }
  }
  