{
    "line": "40",
    "direction": "Cm. Mościce",
    "przystanek": "Ostrołęka Lotnisko",
    "rozkład": {
        "02": [
            "00",
            "25y",
            "30"
        ],
        "03": [
            "00",
            "30",
            "59y"
        ],
        "06": [
            "45"
        ],
        "07": [
            "00",
            "20",
            "40"
        ],
        "08": [
            "00",
            "20",
            "40"
        ],
        "09": [
            "00",
            "20",
            "40"
        ],
        "10": [
            "00",
            "15",
            "30",
            "45"
        ],
        "11": [
            "20",
            "50"
        ],
        "12": [
            "20",
            "50"
        ],
        "13": [
            "20",
            "50"
        ],
        "14": [
            "00",
            "15",
            "30",
            "45"
        ],
        "15": [
            "00",
            "15",
            "30",
            "45"
        ],
        "16": [
            "00",
            "20",
            "40"
        ],
        "17": [
            "20",
            "50"
        ],
        "18": [
            "20",
            "50"
        ],
        "19": [
            "20",
            "50"
        ],
        "20": [
            "15",
            "30",
            "45"
        ],
        "21": [
            "20",
            "50"
        ],
        "22": [
            "20",
            "50"
        ],
        "23": [
            "50"
        ],
        "00": [
            "20y",
            "50"
        ]
    }
}