{
    "line": "40",
    "direction": "Cm. Mościce",
    "przystanek": "Śródmieście",
    "rozkład": {
        "02": [
            "01",
            "31"
        ],
        "03": [
            "01",
            "31"
        ],
        "06": [
            "46"
        ],
        "07": [
            "01",
            "21",
            "41"
        ],
        "08": [
            "01",
            "21",
            "41"
        ],
        "09": [
            "01",
            "21",
            "41"
        ],
        "10": [
            "01",
            "16",
            "31",
            "46"
        ],
        "11": [
            "21",
            "51"
        ],
        "12": [
            "21",
            "51"
        ],
        "13": [
            "21",
            "51"
        ],
        "14": [
            "01",
            "16",
            "31",
            "46"
        ],
        "15": [
            "01",
            "16",
            "31",
            "46"
        ],
        "16": [
            "01",
            "21",
            "41"
        ],
        "17": [
            "21",
            "51"
        ],
        "18": [
            "21",
            "51"
        ],
        "19": [
            "21",
            "51"
        ],
        "20": [
            "16",
            "31",
            "46"
        ],
        "21": [
            "21",
            "51"
        ],
        "22": [
            "21",
            "51"
        ],
        "23": [
            "51"
        ],
        "00": [
            "51"
        ]
    }
}