{
    "line": "40",
    "direction": "Cm. Mościce",
    "przystanek": "Dw. Główny",
    "rozkład": {
        "02": [
            "02",
            "32"
        ],
        "03": [
            "02",
            "32"
        ],
        "06": [
            "47"
        ],
        "07": [
            "02",
            "22",
            "42"
        ],
        "08": [
            "02",
            "22",
            "42"
        ],
        "09": [
            "02",
            "22",
            "42"
        ],
        "10": [
            "02",
            "17",
            "32",
            "47"
        ],
        "11": [
            "22",
            "52"
        ],
        "12": [
            "22",
            "52"
        ],
        "13": [
            "22",
            "52"
        ],
        "14": [
            "02",
            "17",
            "32",
            "47"
        ],
        "15": [
            "02",
            "17",
            "32",
            "47"
        ],
        "16": [
            "02",
            "22",
            "42"
        ],
        "17": [
            "22",
            "52"
        ],
        "18": [
            "22",
            "52"
        ],
        "19": [
            "22",
            "52"
        ],
        "20": [
            "17",
            "32",
            "47"
        ],
        "21": [
            "22",
            "52"
        ],
        "22": [
            "22",
            "52"
        ],
        "23": [
            "52"
        ],
        "00": [
            "52"
        ]
    }
}