{
    "line": "40",
    "direction": "Cm. Mościce",
    "przystanek": "Blachownia",
    "rozkład": {
        "02": [
            "05",
            "35"
        ],
        "03": [
            "05",
            "35"
        ],
        "06": [
            "50"
        ],
        "07": [
            "05",
            "25",
            "45"
        ],
        "08": [
            "05",
            "25",
            "45"
        ],
        "09": [
            "05",
            "25",
            "45"
        ],
        "10": [
            "05",
            "20",
            "35",
            "50"
        ],
        "11": [
            "25",
            "55"
        ],
        "12": [
            "25",
            "55"
        ],
        "13": [
            "25",
            "55"
        ],
        "14": [
            "05",
            "20",
            "35",
            "50"
        ],
        "15": [
            "05",
            "20",
            "35",
            "50"
        ],
        "16": [
            "05",
            "25",
            "45"
        ],
        "17": [
            "25",
            "55"
        ],
        "18": [
            "25",
            "55"
        ],
        "19": [
            "25",
            "55"
        ],
        "20": [
            "20",
            "35",
            "50"
        ],
        "21": [
            "25",
            "55"
        ],
        "22": [
            "25",
            "55"
        ],
        "23": [
            "55"
        ],
        "00": [
            "55"
        ]
    }
}