{
    "line": "40",
    "direction": "Cm. Mościce",
    "przystanek": "Żwiry",
    "rozkład": {
        "02": [
            "06",
            "36"
        ],
        "03": [
            "06",
            "36"
        ],
        "06": [
            "51"
        ],
        "07": [
            "06",
            "26",
            "46"
        ],
        "08": [
            "06",
            "26",
            "46"
        ],
        "09": [
            "06",
            "26",
            "46"
        ],
        "10": [
            "06",
            "21",
            "36",
            "51"
        ],
        "11": [
            "26",
            "56"
        ],
        "12": [
            "26",
            "56"
        ],
        "13": [
            "26",
            "56"
        ],
        "14": [
            "06",
            "21",
            "36",
            "51"
        ],
        "15": [
            "06",
            "21",
            "36",
            "51"
        ],
        "16": [
            "06",
            "26",
            "46"
        ],
        "17": [
            "26",
            "56"
        ],
        "18": [
            "26",
            "56"
        ],
        "19": [
            "26",
            "56"
        ],
        "20": [
            "21",
            "36",
            "51"
        ],
        "21": [
            "26",
            "56"
        ],
        "22": [
            "26",
            "56"
        ],
        "23": [
            "56"
        ],
        "00": [
            "56"
        ]
    }
}