{
    "line": "41",
    "direction": "Biskupice Podg. LG",
    "przystanek": "Rondo Czyżyńskie",
    "rozkład": {
        "04": [
            "07"
        ],
        "05": [
            "07",
            "47"
        ],
        "06": [
            "07",
            "27",
            "47"
        ],
        "07": [
            "07",
            "27",
            "47"
        ],
        "08": [
            "07",
            "17",
            "27",
            "47"
        ],
        "09": [
            "07",
            "27",
            "47"
        ],
        "10": [
            "07",
            "47"
        ],
        "11": [
            "07"
        ],
        "12": [
            "07",
            "47"
        ],
        "13": [
            "07"
        ],
        "14": [
            "07",
            "17",
            "27",
            "47"
        ],
        "15": [
            "07",
            "17",
            "27",
            "47"
        ],
        "16": [
            "07",
            "17",
            "27",
            "47"
        ],
        "17": [
            "07",
            "27",
            "47"
        ],
        "18": [
            "07",
            "47"
        ],
        "19": [
            "07"
        ],
        "20": [
            "07"
        ],
        "21": [
            "07"
        ],
        "22": [
            "07",
            "27",
            "47"
        ],
        "23": [
            "07",
            "47"
        ],
        "00": [
            "27"
        ]
    }
}