{
    "line": "41",
    "direction": "Biskupice Podg. LG",
    "przystanek": "Górka Narodowa",
    "rozkład": {
        "04": [
            "09"
        ],
        "05": [
            "09",
            "49"
        ],
        "06": [
            "09",
            "29",
            "49"
        ],
        "07": [
            "09",
            "29",
            "49"
        ],
        "08": [
            "09",
            "19",
            "29",
            "49"
        ],
        "09": [
            "09",
            "29",
            "49"
        ],
        "10": [
            "09",
            "49"
        ],
        "11": [
            "09"
        ],
        "12": [
            "09",
            "49"
        ],
        "13": [
            "09"
        ],
        "14": [
            "09",
            "19",
            "29",
            "49"
        ],
        "15": [
            "09",
            "19",
            "29",
            "49"
        ],
        "16": [
            "09",
            "19",
            "29",
            "49"
        ],
        "17": [
            "09",
            "29",
            "49"
        ],
        "18": [
            "09",
            "49"
        ],
        "19": [
            "09"
        ],
        "20": [
            "09"
        ],
        "21": [
            "09"
        ],
        "22": [
            "09",
            "29",
            "49"
        ],
        "23": [
            "09",
            "49"
        ],
        "00": [
            "29"
        ]
    }
}