{
    "line": "41",
    "direction": "Biskupice Podg. LG",
    "przystanek": "Młynka",
    "rozkład": {
        "04": [
            "12"
        ],
        "05": [
            "12",
            "52"
        ],
        "06": [
            "12",
            "32",
            "52"
        ],
        "07": [
            "12",
            "32",
            "52"
        ],
        "08": [
            "12",
            "22",
            "32",
            "52"
        ],
        "09": [
            "12",
            "32",
            "52"
        ],
        "10": [
            "12",
            "52"
        ],
        "11": [
            "12"
        ],
        "12": [
            "12",
            "52"
        ],
        "13": [
            "12"
        ],
        "14": [
            "12",
            "22",
            "32",
            "52"
        ],
        "15": [
            "12",
            "22",
            "32",
            "52"
        ],
        "16": [
            "12",
            "22",
            "32",
            "52"
        ],
        "17": [
            "12",
            "32",
            "52"
        ],
        "18": [
            "12",
            "52"
        ],
        "19": [
            "12"
        ],
        "20": [
            "12"
        ],
        "21": [
            "12"
        ],
        "22": [
            "12",
            "32",
            "52"
        ],
        "23": [
            "12",
            "52"
        ],
        "00": [
            "32"
        ]
    }
}