{
    "line": "40",
    "direction": "Ostrołęka Lotnisko",
    "przystanek": "Dworzec Główny",
    "rozkład": {
        "07": [
            "08",
            "18",
            "39"
        ],
        "08": [
            "02",
            "18",
            "39"
        ],
        "09": [
            "02",
            "18",
            "39"
        ],
        "10": [
            "02",
            "18",
            "34",
            "49"
        ],
        "11": [
            "03",
            "39"
        ],
        "12": [
            "09",
            "39"
        ],
        "13": [
            "09",
            "39"
        ],
        "14": [
            "09",
            "18",
            "39",
            "49"
        ],
        "15": [
            "03",
            "18",
            "39",
            "52"
        ],
        "16": [
            "03",
            "18",
            "39"
        ],
        "17": [
            "03",
            "44"
        ],
        "18": [
            "14",
            "39"
        ],
        "19": [
            "03",
            "39"
        ],
        "20": [
            "03",
            "39",
            "53"
        ],
        "21": [
            "03",
            "39"
        ],
        "22": [
            "03",
            "39"
        ],
        "23": [
            "03"
        ],
        "00": [
            "03"
        ],
        "02": [
            "18"
        ],
        "03": [
            "49"
        ]
    }
}