{
    "line": "41",
    "direction": "Kamionka",
    "przystanek": "Biskupice Podg. LG",
    "rozkład": {
        "00": [
            "38x"
        ],
        "04": [
            "25"
        ],
        "05": [
            "25"
        ],
        "06": [
            "00",
            "20",
            "40"
        ],
        "07": [
            "00",
            "20",
            "40",
            "59"
        ],
        "08": [
            "17",
            "27",
            "37x",
            "57x"
        ],
        "09": [
            "22",
            "45"
        ],
        "10": [
            "05",
            "25"
        ],
        "11": [
            "05",
            "25"
        ],
        "12": [
            "35"
        ],
        "13": [
            "12",
            "35"
        ],
        "14": [
            "20",
            "30",
            "40",
            "59"
        ],
        "15": [
            "20",
            "30",
            "40",
            "59"
        ],
        "16": [
            "20",
            "30",
            "40x",
            "59x"
        ],
        "17": [
            "20",
            "40"
        ],
        "18": [
            "05",
            "30"
        ],
        "19": [
            "05",
            "30"
        ],
        "20": [
            "29"
        ],
        "21": [
            "29"
        ],
        "22": [
            "20",
            "40"
        ],
        "23": [
            "00",
            "20",
            "59x"
        ]
    }
}