{
    "line": "41",
    "direction": "Kamionka",
    "przystanek": "Alwernia",
    "rozkład": {
        "00": [
            "01x",
            "40x"
        ],
        "04": [
            "27"
        ],
        "05": [
            "27"
        ],
        "06": [
            "02",
            "22",
            "42"
        ],
        "07": [
            "02",
            "22",
            "42"
        ],
        "08": [
            "01",
            "19",
            "29",
            "39x",
            "59x"
        ],
        "09": [
            "24",
            "47"
        ],
        "10": [
            "07",
            "27"
        ],
        "11": [
            "07",
            "27"
        ],
        "12": [
            "37"
        ],
        "13": [
            "14",
            "37"
        ],
        "14": [
            "22",
            "32",
            "42"
        ],
        "15": [
            "01",
            "22",
            "32",
            "42"
        ],
        "16": [
            "01",
            "22",
            "32",
            "42x"
        ],
        "17": [
            "01x",
            "22",
            "42"
        ],
        "18": [
            "07",
            "32"
        ],
        "19": [
            "07",
            "32"
        ],
        "20": [
            "31"
        ],
        "21": [
            "31"
        ],
        "22": [
            "22",
            "42"
        ],
        "23": [
            "02",
            "22"
        ]
    }
}