{
    "line": "41",
    "direction": "Kamionka",
    "przystanek": "Rondo Czyżyńskie",
    "rozkład": {
        "00": [
            "05x",
            "44x"
        ],
        "04": [
            "31"
        ],
        "05": [
            "31"
        ],
        "06": [
            "06",
            "26",
            "46"
        ],
        "07": [
            "06",
            "26",
            "46"
        ],
        "08": [
            "05",
            "23",
            "33",
            "43x"
        ],
        "09": [
            "03x",
            "28",
            "51"
        ],
        "10": [
            "11",
            "31"
        ],
        "11": [
            "11",
            "31"
        ],
        "12": [
            "41"
        ],
        "13": [
            "18",
            "41"
        ],
        "14": [
            "26",
            "36",
            "46"
        ],
        "15": [
            "05",
            "26",
            "36",
            "46"
        ],
        "16": [
            "05",
            "26",
            "36",
            "46x"
        ],
        "17": [
            "05x",
            "26",
            "46"
        ],
        "18": [
            "11",
            "36"
        ],
        "19": [
            "11",
            "36"
        ],
        "20": [
            "35"
        ],
        "21": [
            "35"
        ],
        "22": [
            "26",
            "46"
        ],
        "23": [
            "06",
            "26"
        ]
    }
}