{
    "line": "41",
    "direction": "Kamionka",
    "przystanek": "Dworzec Główny",
    "rozkład": {
        "00": [
            "07x",
            "46x"
        ],
        "04": [
            "33"
        ],
        "05": [
            "33"
        ],
        "06": [
            "08",
            "28",
            "48"
        ],
        "07": [
            "08",
            "28",
            "48"
        ],
        "08": [
            "07",
            "25",
            "35",
            "45x"
        ],
        "09": [
            "05x",
            "30",
            "53"
        ],
        "10": [
            "13",
            "33"
        ],
        "11": [
            "13",
            "33"
        ],
        "12": [
            "43"
        ],
        "13": [
            "20",
            "43"
        ],
        "14": [
            "28",
            "38",
            "48"
        ],
        "15": [
            "07",
            "28",
            "38",
            "48"
        ],
        "16": [
            "07",
            "28",
            "38",
            "48x"
        ],
        "17": [
            "07x",
            "28",
            "48"
        ],
        "18": [
            "13",
            "38"
        ],
        "19": [
            "13",
            "38"
        ],
        "20": [
            "37"
        ],
        "21": [
            "37"
        ],
        "22": [
            "28",
            "48"
        ],
        "23": [
            "08",
            "28"
        ]
    }
}