{
    "line": "41",
    "direction": "Kamionka",
    "przystanek": "Łódzka",
    "rozkład": {
        "04": [
            "35"
        ],
        "05": [
            "35"
        ],
        "06": [
            "10",
            "30",
            "50"
        ],
        "07": [
            "10",
            "30",
            "50"
        ],
        "08": [
            "09",
            "27",
            "37",
            "47"
        ],
        "09": [
            "07",
            "32",
            "55"
        ],
        "10": [
            "15",
            "35"
        ],
        "11": [
            "15",
            "35"
        ],
        "12": [
            "45"
        ],
        "13": [
            "22",
            "45"
        ],
        "14": [
            "30",
            "40",
            "50"
        ],
        "15": [
            "09",
            "30",
            "40",
            "50"
        ],
        "16": [
            "09",
            "30",
            "40",
            "50"
        ],
        "17": [
            "09",
            "30",
            "50"
        ],
        "18": [
            "15",
            "40"
        ],
        "19": [
            "15",
            "40"
        ],
        "20": [
            "39"
        ],
        "21": [
            "39"
        ],
        "22": [
            "30",
            "50"
        ],
        "23": [
            "10",
            "30"
        ]
    }
}