{
    "line": "54",
    "direction": "Szpital Uniwersytecki",
    "przystanek": "Al. Jana Pawła II",
    "rozkład": {
        "04": [
            "38"
        ],
        "05": [
            "18",
            "38",
            "58"
        ],
        "06": [
            "18",
            "38"
        ],
        "07": [
            "02",
            "23",
            "33",
            "48",
            "58"
        ],
        "08": [
            "08",
            "23",
            "33",
            "48",
            "58"
        ],
        "09": [
            "08",
            "23",
            "39"
        ],
        "10": [
            "03",
            "29",
            "53"
        ],
        "11": [
            "13",
            "32",
            "53"
        ],
        "12": [
            "13",
            "32",
            "53"
        ],
        "13": [
            "13",
            "21",
            "38",
            "58"
        ],
        "14": [
            "23",
            "26",
            "40",
            "55"
        ],
        "15": [
            "08",
            "26",
            "39",
            "54"
        ],
        "16": [
            "08",
            "18",
            "23",
            "38",
            "56"
        ],
        "17": [
            "08",
            "20",
            "28",
            "53"
        ],
        "18": [
            "08",
            "28",
            "48"
        ],
        "19": [
            "08",
            "42"
        ],
        "20": [
            "08",
            "28",
            "48"
        ],
        "21": [
            "08",
            "28",
            "48"
        ],
        "22": [
            "08",
            "28",
            "48"
        ]
    }
}