{
    "line": "54",
    "direction": "Szpital Uniwersytecki",
    "przystanek": "Rondo Solidarności",
    "rozkład": {
        "04": [
            "40"
        ],
        "05": [
            "20",
            "40"
        ],
        "06": [
            "00",
            "20",
            "40"
        ],
        "07": [
            "04",
            "25",
            "35",
            "50"
        ],
        "08": [
            "00",
            "25",
            "35",
            "50"
        ],
        "09": [
            "00",
            "25",
            "41"
        ],
        "10": [
            "05",
            "31",
            "55"
        ],
        "11": [
            "15",
            "34",
            "55"
        ],
        "12": [
            "15",
            "34",
            "55"
        ],
        "13": [
            "15",
            "23",
            "40"
        ],
        "14": [
            "00",
            "25",
            "28",
            "42",
            "57"
        ],
        "15": [
            "10",
            "28",
            "41",
            "56"
        ],
        "16": [
            "10",
            "20",
            "25",
            "40",
            "58"
        ],
        "17": [
            "22",
            "30",
            "55"
        ],
        "18": [
            "30",
            "50"
        ],
        "19": [
            "10",
            "44"
        ],
        "20": [
            "10",
            "30",
            "50"
        ],
        "21": [
            "10",
            "30",
            "50"
        ],
        "22": [
            "10",
            "30",
            "50"
        ]
    }
}