{
    "line": "54",
    "direction": "Szpital Uniwersytecki",
    "przystanek": "Piekarska",
    "rozkład": {
        "04": [
            "42"
        ],
        "05": [
            "22",
            "42"
        ],
        "06": [
            "02",
            "22",
            "42"
        ],
        "07": [
            "06",
            "27",
            "37",
            "52"
        ],
        "08": [
            "02",
            "12",
            "27",
            "37",
            "52"
        ],
        "09": [
            "02",
            "12",
            "27",
            "43"
        ],
        "10": [
            "07",
            "33",
            "57"
        ],
        "11": [
            "17",
            "36",
            "57"
        ],
        "12": [
            "17",
            "36",
            "57"
        ],
        "13": [
            "17",
            "25",
            "42"
        ],
        "14": [
            "02",
            "27",
            "30",
            "44",
            "59"
        ],
        "15": [
            "12",
            "30",
            "43",
            "58"
        ],
        "16": [
            "12",
            "22",
            "27",
            "42"
        ],
        "17": [
            "00",
            "12",
            "24",
            "32",
            "57"
        ],
        "18": [
            "12",
            "32",
            "52"
        ],
        "19": [
            "12",
            "46"
        ],
        "20": [
            "12",
            "32",
            "52"
        ],
        "21": [
            "12",
            "32",
            "52"
        ],
        "22": [
            "12",
            "32",
            "52"
        ]
    }
}