{
    "line": "54",
    "direction": "Szpital Uniwersytecki",
    "przystanek": "Szpital Uniwersytecki",
    "rozkład": {
        "04": [
            "43"
        ],
        "05": [
            "23",
            "43"
        ],
        "06": [
            "03",
            "23",
            "43"
        ],
        "07": [
            "07",
            "28",
            "38",
            "53"
        ],
        "08": [
            "03",
            "13",
            "28",
            "38",
            "53"
        ],
        "09": [
            "03",
            "13",
            "28",
            "44"
        ],
        "10": [
            "08",
            "34",
            "58"
        ],
        "11": [
            "18",
            "37",
            "58"
        ],
        "12": [
            "18",
            "37",
            "58"
        ],
        "13": [
            "18",
            "26",
            "43"
        ],
        "14": [
            "03",
            "28",
            "31",
            "45"
        ],
        "15": [
            "00",
            "13",
            "31",
            "44",
            "59"
        ],
        "16": [
            "13",
            "23",
            "28",
            "43"
        ],
        "17": [
            "01",
            "13",
            "25",
            "33",
            "58"
        ],
        "18": [
            "13",
            "33",
            "53"
        ],
        "19": [
            "13",
            "47"
        ],
        "20": [
            "13",
            "33",
            "53"
        ],
        "21": [
            "13",
            "33",
            "53"
        ],
        "22": [
            "13",
            "33",
            "53"
        ]
    }
}