{
    "line": "54",
    "direction": "Szpital Uniwersytecki",
    "przystanek": "Lindego",
    "rozkład": {
        "04": [
            "31"
        ],
        "05": [
            "11",
            "31",
            "51"
        ],
        "06": [
            "11",
            "31",
            "55"
        ],
        "07": [
            "16",
            "26",
            "41",
            "51"
        ],
        "08": [
            "00x",
            "16",
            "26",
            "41",
            "51"
        ],
        "09": [
            "00x",
            "16",
            "32",
            "56"
        ],
        "10": [
            "22",
            "46"
        ],
        "11": [
            "06",
            "25",
            "46"
        ],
        "12": [
            "06",
            "25",
            "46"
        ],
        "13": [
            "06",
            "14",
            "31",
            "51"
        ],
        "14": [
            "16",
            "19",
            "33",
            "48"
        ],
        "15": [
            "01",
            "19",
            "32",
            "47"
        ],
        "16": [
            "01",
            "11",
            "16",
            "31",
            "49"
        ],
        "17": [
            "00x",
            "13",
            "21",
            "46"
        ],
        "18": [
            "00x",
            "21",
            "41"
        ],
        "19": [
            "01",
            "35"
        ],
        "20": [
            "01",
            "21",
            "41"
        ],
        "21": [
            "01",
            "21",
            "41"
        ],
        "22": [
            "01",
            "21",
            "41"
        ],
        "23": [
            "20x"
        ],
        "00": [
            "59x"
        ]
    }
}