{
    "line": "54",
    "direction": "Szpital Uniwersytecki",
    "przystanek": "Karłowicza",
    "rozkład": {
        "04": [
            "33"
        ],
        "05": [
            "13",
            "33",
            "53"
        ],
        "06": [
            "13",
            "33",
            "57"
        ],
        "07": [
            "18",
            "28",
            "43",
            "53"
        ],
        "08": [
            "03",
            "18",
            "28",
            "43",
            "53"
        ],
        "09": [
            "03",
            "18",
            "34",
            "58"
        ],
        "10": [
            "24",
            "48"
        ],
        "11": [
            "08",
            "27",
            "48"
        ],
        "12": [
            "08",
            "27",
            "48"
        ],
        "13": [
            "08",
            "16",
            "33",
            "53"
        ],
        "14": [
            "18",
            "21",
            "35",
            "50"
        ],
        "15": [
            "03",
            "21",
            "34",
            "49"
        ],
        "16": [
            "03",
            "13",
            "18",
            "33",
            "51"
        ],
        "17": [
            "03",
            "15",
            "23",
            "48"
        ],
        "18": [
            "03",
            "23",
            "43"
        ],
        "19": [
            "03",
            "37"
        ],
        "20": [
            "03",
            "23",
            "43"
        ],
        "21": [
            "03",
            "23",
            "43"
        ],
        "22": [
            "03",
            "23",
            "43"
        ],
        "23": [
            "23x"
        ],
        "00": [
            "02x"
        ]
    }
}