{
    "line": "54",
    "direction": "Szpital Uniwersytecki",
    "przystanek": "Rynek Główny",
    "rozkład": {
        "04": [
            "34"
        ],
        "05": [
            "14",
            "34",
            "54"
        ],
        "06": [
            "14",
            "34",
            "58"
        ],
        "07": [
            "19",
            "29",
            "44",
            "54"
        ],
        "08": [
            "04",
            "19",
            "29",
            "44",
            "54"
        ],
        "09": [
            "04",
            "19",
            "35",
            "59"
        ],
        "10": [
            "25",
            "49"
        ],
        "11": [
            "09",
            "28",
            "49"
        ],
        "12": [
            "09",
            "28",
            "49"
        ],
        "13": [
            "09",
            "17",
            "34",
            "54"
        ],
        "14": [
            "19",
            "22",
            "36",
            "51"
        ],
        "15": [
            "04",
            "22",
            "35",
            "50"
        ],
        "16": [
            "04",
            "14",
            "19",
            "34",
            "52"
        ],
        "17": [
            "04",
            "16",
            "24",
            "49"
        ],
        "18": [
            "04",
            "24",
            "44"
        ],
        "19": [
            "04",
            "38"
        ],
        "20": [
            "04",
            "24",
            "44"
        ],
        "21": [
            "04",
            "24",
            "44"
        ],
        "22": [
            "04",
            "24",
            "44"
        ],
        "23": [
            "24x"
        ],
        "00": [
            "03x"
        ]
    }
}