{
    "line": "54",
    "direction": "Szpital Uniwersytecki",
    "przystanek": "Warszawska",
    "rozkład": {
        "04": [
            "35"
        ],
        "05": [
            "15",
            "35",
            "55"
        ],
        "06": [
            "15",
            "35",
            "59"
        ],
        "07": [
            "20",
            "30",
            "45",
            "55"
        ],
        "08": [
            "05",
            "20",
            "30",
            "45",
            "55"
        ],
        "09": [
            "05",
            "20",
            "36"
        ],
        "10": [
            "00",
            "26",
            "50"
        ],
        "11": [
            "10",
            "29",
            "50"
        ],
        "12": [
            "10",
            "29",
            "50"
        ],
        "13": [
            "10",
            "18",
            "35",
            "55"
        ],
        "14": [
            "20",
            "23",
            "37",
            "52"
        ],
        "15": [
            "05",
            "23",
            "36",
            "51"
        ],
        "16": [
            "05",
            "15",
            "20",
            "35",
            "53"
        ],
        "17": [
            "05",
            "17",
            "25",
            "50"
        ],
        "18": [
            "05",
            "25",
            "45"
        ],
        "19": [
            "05",
            "39"
        ],
        "20": [
            "05",
            "25",
            "45"
        ],
        "21": [
            "05",
            "25",
            "45"
        ],
        "22": [
            "05",
            "25",
            "45"
        ]
    }
}