{
    "line": "54",
    "direction": "Szpital Uniwersytecki",
    "przystanek": "Dworzec Główny",
    "rozkład": {
        "04": [
            "37"
        ],
        "05": [
            "17",
            "37",
            "57"
        ],
        "06": [
            "17",
            "37"
        ],
        "07": [
            "01",
            "22",
            "32",
            "47",
            "57"
        ],
        "08": [
            "07",
            "22",
            "32",
            "47",
            "57"
        ],
        "09": [
            "07",
            "22",
            "38"
        ],
        "10": [
            "02",
            "28",
            "52"
        ],
        "11": [
            "12",
            "31",
            "52"
        ],
        "12": [
            "12",
            "31",
            "52"
        ],
        "13": [
            "12",
            "20",
            "37",
            "57"
        ],
        "14": [
            "22",
            "25",
            "39",
            "54"
        ],
        "15": [
            "07",
            "25",
            "38",
            "53"
        ],
        "16": [
            "07",
            "17",
            "22",
            "37",
            "55"
        ],
        "17": [
            "07",
            "19",
            "27",
            "52"
        ],
        "18": [
            "07",
            "27",
            "47"
        ],
        "19": [
            "07",
            "41"
        ],
        "20": [
            "07",
            "27",
            "47"
        ],
        "21": [
            "07",
            "27",
            "47"
        ],
        "22": [
            "07",
            "27",
            "47"
        ]
    }
}