{
    "line": "56",
    "direction": "Kamionka",
    "przystanek": "Zagórzany",
    "rozkład": {
        "04": [
            "29"
        ],
        "05": [
            "28"
        ],
        "06": [
            "18",
            "28"
        ],
        "07": [
            "18",
            "28"
        ],
        "08": [
            "18",
            "28",
            "58"
        ],
        "09": [
            "18",
            "28"
        ],
        "10": [
            "18",
            "28"
        ],
        "11": [
            "30"
        ],
        "12": [
            "30"
        ],
        "15": [
            "26",
            "56"
        ],
        "16": [
            "18",
            "28"
        ],
        "17": [
            "18",
            "28"
        ],
        "18": [
            "28"
        ],
        "19": [
            "28"
        ],
        "20": [
            "36"
        ]
    }
}