{
    "line": "56",
    "direction": "Kamionka",
    "przystanek": "Zagórzany",
    "rozkład": {
        "06": [
            "49"
        ],
        "07": [
            "19",
            "49"
        ],
        "08": [
            "19"
        ],
        "09": [
            "19",
            "49"
        ],
        "10": [
            "52pt"
        ],
        "12": [
            "52"
        ],
        "13": [
            "52"
        ],
        "14": [
            "52"
        ],
        "15": [
            "49"
        ],
        "16": [
            "19",
            "49"
        ],
        "17": [
            "49"
        ],
        "19": [
            "49pt"
        ],
        "21": [
            "49"
        ]
    }
}