{
    "line": "56",
    "direction": "Kamionka",
    "przystanek": "Stalowa Nż",
    "rozkład": {
        "04": [
            "31"
        ],
        "05": [
            "30"
        ],
        "06": [
            "20",
            "30"
        ],
        "07": [
            "20",
            "30"
        ],
        "08": [
            "20",
            "30"
        ],
        "09": [
            "00",
            "20",
            "30"
        ],
        "10": [
            "20",
            "30"
        ],
        "11": [
            "32"
        ],
        "12": [
            "32"
        ],
        "15": [
            "28",
            "58"
        ],
        "16": [
            "20",
            "30"
        ],
        "17": [
            "20",
            "30"
        ],
        "18": [
            "30"
        ],
        "19": [
            "30"
        ],
        "20": [
            "38"
        ]
    }
}