{
    "line": "56",
    "direction": "Kamionka",
    "przystanek": "Stalowa",
    "rozkład": {
        "06": [
            "51"
        ],
        "07": [
            "21",
            "51"
        ],
        "08": [
            "21"
        ],
        "09": [
            "21",
            "51"
        ],
        "10": [
            "54pt"
        ],
        "12": [
            "54"
        ],
        "13": [
            "54"
        ],
        "14": [
            "54"
        ],
        "15": [
            "51"
        ],
        "16": [
            "21",
            "51"
        ],
        "17": [
            "51"
        ],
        "19": [
            "51pt"
        ],
        "21": [
            "51"
        ]
    }
}