{
    "line": "56",
    "direction": "Kamionka",
    "przystanek": "Karłowicza Nż",
    "rozkład": {
        "04": [
            "32"
        ],
        "05": [
            "31"
        ],
        "06": [
            "21",
            "31"
        ],
        "07": [
            "21",
            "31"
        ],
        "08": [
            "21",
            "31"
        ],
        "09": [
            "01",
            "21",
            "31"
        ],
        "10": [
            "21",
            "31"
        ],
        "11": [
            "33"
        ],
        "12": [
            "33"
        ],
        "15": [
            "29",
            "59"
        ],
        "16": [
            "21",
            "31"
        ],
        "17": [
            "21",
            "31"
        ],
        "18": [
            "31"
        ],
        "19": [
            "31"
        ],
        "20": [
            "39"
        ]
    }
}