{
    "line": "56",
    "direction": "Kamionka",
    "przystanek": "Różewicza Nż",
    "rozkład": {
        "04": [
            "33"
        ],
        "05": [
            "32"
        ],
        "06": [
            "22",
            "32"
        ],
        "07": [
            "22",
            "32"
        ],
        "08": [
            "22",
            "32"
        ],
        "09": [
            "02",
            "22",
            "32"
        ],
        "10": [
            "22",
            "32"
        ],
        "11": [
            "34"
        ],
        "12": [
            "34"
        ],
        "15": [
            "30"
        ],
        "16": [
            "00",
            "22",
            "32"
        ],
        "17": [
            "22",
            "32"
        ],
        "18": [
            "32"
        ],
        "19": [
            "32"
        ],
        "20": [
            "40"
        ]
    }
}