{
    "line": "56",
    "direction": "Kamionka",
    "przystanek": "Herberta",
    "rozkład": {
        "04": [
            "34"
        ],
        "05": [
            "33"
        ],
        "06": [
            "23",
            "33"
        ],
        "07": [
            "23",
            "33"
        ],
        "08": [
            "23",
            "33"
        ],
        "09": [
            "03",
            "23",
            "33"
        ],
        "10": [
            "23",
            "33"
        ],
        "11": [
            "35"
        ],
        "12": [
            "35"
        ],
        "15": [
            "31"
        ],
        "16": [
            "01",
            "23",
            "33"
        ],
        "17": [
            "23",
            "33"
        ],
        "18": [
            "33"
        ],
        "19": [
            "33"
        ],
        "20": [
            "41"
        ]
    }
}