{
    "line": "56",
    "direction": "Kamionka",
    "przystanek": "Kozanów STP Nż",
    "rozkład": {
        "04": [
            "35"
        ],
        "05": [
            "34"
        ],
        "06": [
            "24",
            "34"
        ],
        "07": [
            "24",
            "34"
        ],
        "08": [
            "24",
            "34"
        ],
        "09": [
            "04",
            "24",
            "34"
        ],
        "10": [
            "24",
            "34"
        ],
        "11": [
            "36"
        ],
        "12": [
            "36"
        ],
        "15": [
            "32"
        ],
        "16": [
            "02",
            "24",
            "34"
        ],
        "17": [
            "24",
            "34"
        ],
        "18": [
            "34"
        ],
        "19": [
            "34"
        ],
        "20": [
            "42"
        ]
    }
}