{
    "line": "56",
    "direction": "Kamionka",
    "przystanek": "Sławków Rondo Nż",
    "rozkład": {
        "04": [
            "36"
        ],
        "05": [
            "35"
        ],
        "06": [
            "25",
            "35"
        ],
        "07": [
            "25",
            "35"
        ],
        "08": [
            "25",
            "35"
        ],
        "09": [
            "05",
            "25",
            "35"
        ],
        "10": [
            "25",
            "35"
        ],
        "11": [
            "37"
        ],
        "12": [
            "37"
        ],
        "15": [
            "33"
        ],
        "16": [
            "03",
            "25",
            "35"
        ],
        "17": [
            "25",
            "35"
        ],
        "18": [
            "35"
        ],
        "19": [
            "35"
        ],
        "20": [
            "43"
        ]
    }
}