{
    "line": "56",
    "direction": "Kamionka",
    "przystanek": "Kamionka Pętla",
    "rozkład": {
        "04": [
            "37"
        ],
        "05": [
            "36"
        ],
        "06": [
            "26",
            "36"
        ],
        "07": [
            "26",
            "36"
        ],
        "08": [
            "26",
            "36"
        ],
        "09": [
            "06",
            "26",
            "36"
        ],
        "10": [
            "26",
            "36"
        ],
        "11": [
            "38"
        ],
        "12": [
            "38"
        ],
        "15": [
            "34"
        ],
        "16": [
            "04",
            "26",
            "36"
        ],
        "17": [
            "26",
            "36"
        ],
        "18": [
            "36"
        ],
        "19": [
            "36"
        ],
        "20": [
            "44"
        ]
    }
}