{
    "line": "56",
    "direction": "Kamionka",
    "przystanek": "Kamionka",
    "rozkład": {
        "06": [
            "58"
        ],
        "07": [
            "28",
            "58"
        ],
        "08": [
            "28"
        ],
        "09": [
            "28",
            "58"
        ],
        "11": [
            "01pt"
        ],
        "13": [
            "01"
        ],
        "14": [
            "01"
        ],
        "15": [
            "01",
            "58"
        ],
        "16": [
            "28",
            "58"
        ],
        "17": [
            "58"
        ],
        "19": [
            "58pt"
        ],
        "21": [
            "58"
        ]
    }
}