{
    "line": "56",
    "direction": "Kamionka",
    "przystanek": "Radłów Nż",
    "rozkład": {
        "04": [
            "23"
        ],
        "05": [
            "22"
        ],
        "06": [
            "12",
            "22"
        ],
        "07": [
            "12",
            "22"
        ],
        "08": [
            "12",
            "22",
            "52"
        ],
        "09": [
            "12",
            "22"
        ],
        "10": [
            "12",
            "22"
        ],
        "11": [
            "24"
        ],
        "12": [
            "24"
        ],
        "15": [
            "20",
            "50"
        ],
        "16": [
            "12",
            "22"
        ],
        "17": [
            "12",
            "22"
        ],
        "18": [
            "22"
        ],
        "19": [
            "22"
        ],
        "20": [
            "30"
        ]
    }
}