{
    "line": "56",
    "direction": "Kamionka",
    "przystanek": "Regulice",
    "rozkład": {
        "04": [
            "24"
        ],
        "05": [
            "23"
        ],
        "06": [
            "13",
            "23"
        ],
        "07": [
            "13",
            "23"
        ],
        "08": [
            "13",
            "23",
            "53"
        ],
        "09": [
            "13",
            "23"
        ],
        "10": [
            "13",
            "23"
        ],
        "11": [
            "25"
        ],
        "12": [
            "25"
        ],
        "15": [
            "21",
            "51"
        ],
        "16": [
            "13",
            "23"
        ],
        "17": [
            "13",
            "23"
        ],
        "18": [
            "23"
        ],
        "19": [
            "23"
        ],
        "20": [
            "31"
        ]
    }
}