{
    "line": "56",
    "direction": "Kamionka",
    "przystanek": "Zagórze I Nż",
    "rozkład": {
        "04": [
            "25"
        ],
        "05": [
            "24"
        ],
        "06": [
            "14",
            "24"
        ],
        "07": [
            "14",
            "24"
        ],
        "08": [
            "14",
            "24",
            "54"
        ],
        "09": [
            "14",
            "24"
        ],
        "10": [
            "14",
            "24"
        ],
        "11": [
            "26"
        ],
        "12": [
            "26"
        ],
        "15": [
            "22",
            "52"
        ],
        "16": [
            "14",
            "24"
        ],
        "17": [
            "14",
            "24"
        ],
        "18": [
            "24"
        ],
        "19": [
            "24"
        ],
        "20": [
            "32"
        ]
    }
}