{
    "line": "56",
    "direction": "Kamionka",
    "przystanek": "Jaktorów Nż",
    "rozkład": {
        "04": [
            "26"
        ],
        "05": [
            "25"
        ],
        "06": [
            "15",
            "25"
        ],
        "07": [
            "15",
            "25"
        ],
        "08": [
            "15",
            "25",
            "55"
        ],
        "09": [
            "15",
            "25"
        ],
        "10": [
            "15",
            "25"
        ],
        "11": [
            "27"
        ],
        "12": [
            "27"
        ],
        "15": [
            "23",
            "53"
        ],
        "16": [
            "15",
            "25"
        ],
        "17": [
            "15",
            "25"
        ],
        "18": [
            "25"
        ],
        "19": [
            "25"
        ],
        "20": [
            "33"
        ]
    }
}