{
    "line": "56",
    "direction": "Kamionka",
    "przystanek": "Kęty Ratusz",
    "rozkład": {
        "04": [
            "27"
        ],
        "05": [
            "26"
        ],
        "06": [
            "16",
            "26"
        ],
        "07": [
            "16",
            "26"
        ],
        "08": [
            "16",
            "26",
            "56"
        ],
        "09": [
            "16",
            "26"
        ],
        "10": [
            "16",
            "26"
        ],
        "11": [
            "28"
        ],
        "12": [
            "28"
        ],
        "15": [
            "24",
            "54"
        ],
        "16": [
            "16",
            "26"
        ],
        "17": [
            "16",
            "26"
        ],
        "18": [
            "26"
        ],
        "19": [
            "26"
        ],
        "20": [
            "34"
        ]
    }
}