{
    "line": "56",
    "direction": "Kamionka",
    "przystanek": "Kęty Ratusz",
    "rozkład": {
        "06": [
            "47"
        ],
        "07": [
            "17",
            "47"
        ],
        "08": [
            "17"
        ],
        "09": [
            "17",
            "47"
        ],
        "10": [
            "50pt"
        ],
        "12": [
            "50"
        ],
        "13": [
            "50"
        ],
        "14": [
            "50"
        ],
        "15": [
            "47"
        ],
        "16": [
            "17",
            "47"
        ],
        "17": [
            "47"
        ],
        "19": [
            "47pt"
        ],
        "21": [
            "47"
        ]
    }
}