{
    "line": "56",
    "direction": "Kamionka",
    "przystanek": "Harbutowice",
    "rozkład": {
        "04": [
            "28"
        ],
        "05": [
            "27"
        ],
        "06": [
            "17",
            "27"
        ],
        "07": [
            "17",
            "27"
        ],
        "08": [
            "17",
            "27",
            "57"
        ],
        "09": [
            "17",
            "27"
        ],
        "10": [
            "17",
            "27"
        ],
        "11": [
            "29"
        ],
        "12": [
            "29"
        ],
        "15": [
            "25",
            "55"
        ],
        "16": [
            "17",
            "27"
        ],
        "17": [
            "17",
            "27"
        ],
        "18": [
            "27"
        ],
        "19": [
            "27"
        ],
        "20": [
            "35"
        ]
    }
}