{
    "line": "56",
    "direction": "Kamionka",
    "przystanek": "Harbutowice",
    "rozkład": {
        "06": [
            "48"
        ],
        "07": [
            "18",
            "48"
        ],
        "08": [
            "18"
        ],
        "09": [
            "18",
            "48"
        ],
        "10": [
            "51pt"
        ],
        "12": [
            "51"
        ],
        "13": [
            "51"
        ],
        "14": [
            "51"
        ],
        "15": [
            "48"
        ],
        "16": [
            "18",
            "48"
        ],
        "17": [
            "48"
        ],
        "19": [
            "48pt"
        ],
        "21": [
            "48"
        ]
    }
}