{
    "line": "9",
    "direction": "Górka Narodowa",
    "przystanek": "Salwator",
    "rozkład": {
        "04": [
            "46"
        ],
        "05": [
            "16",
            "46"
        ],
        "06": [
            "16",
            "46"
        ],
        "07": [
            "16",
            "36",
            "56"
        ],
        "08": [
            "16",
            "36",
            "56"
        ],
        "09": [
            "16",
            "46"
        ],
        "10": [
            "16",
            "46"
        ],
        "11": [
            "16",
            "36",
            "56"
        ],
        "12": [
            "16",
            "36",
            "56"
        ],
        "13": [
            "16"
        ],
        "14": [
            "16",
            "36",
            "56"
        ],
        "15": [
            "06",
            "16",
            "36",
            "56"
        ],
        "16": [
            "06",
            "16",
            "36",
            "56"
        ],
        "17": [
            "16",
            "46"
        ],
        "18": [
            "16",
            "46"
        ],
        "19": [
            "16",
            "46"
        ],
        "20": [
            "16",
            "36",
            "46",
            "56"
        ],
        "21": [
            "16"
        ],
        "22": [
            "16"
        ]
    }
}