{
    "line": "9",
    "direction": "Górka Narodowa",
    "przystanek": "Ostrołęka Lotnisko",
    "rozkład": {
        "04": [
            "47"
        ],
        "05": [
            "17",
            "47"
        ],
        "06": [
            "17",
            "47"
        ],
        "07": [
            "17",
            "37",
            "57"
        ],
        "08": [
            "17",
            "37",
            "57"
        ],
        "09": [
            "17",
            "47"
        ],
        "10": [
            "17",
            "47"
        ],
        "11": [
            "17",
            "37",
            "57"
        ],
        "12": [
            "17",
            "37",
            "57"
        ],
        "13": [
            "17"
        ],
        "14": [
            "17",
            "37",
            "57"
        ],
        "15": [
            "07",
            "17",
            "37",
            "57"
        ],
        "16": [
            "07",
            "17",
            "37",
            "57"
        ],
        "17": [
            "17",
            "47"
        ],
        "18": [
            "17",
            "47"
        ],
        "19": [
            "17",
            "47"
        ],
        "20": [
            "17",
            "37",
            "47",
            "57"
        ],
        "21": [
            "17"
        ],
        "22": [
            "17"
        ]
    }
}