{
    "line": "54",
    "direction": "Kozanów",
    "przystanek": "Szpital Uniwer.",
    "rozkład": {
        "04": [
            "10",
            "50"
        ],
        "05": [
            "10",
            "30",
            "50"
        ],
        "06": [
            "10",
            "34",
            "59"
        ],
        "07": [
            "10",
            "24",
            "34",
            "44",
            "59"
        ],
        "08": [
            "10",
            "22",
            "34",
            "44",
            "59"
        ],
        "09": [
            "10",
            "35"
        ],
        "10": [
            "00",
            "25",
            "45"
        ],
        "11": [
            "05",
            "25",
            "45"
        ],
        "12": [
            "05",
            "25",
            "45",
            "55"
        ],
        "13": [
            "10",
            "32",
            "59"
        ],
        "14": [
            "00",
            "15",
            "30",
            "45"
        ],
        "15": [
            "00",
            "15",
            "30",
            "45",
            "55"
        ],
        "16": [
            "00",
            "15",
            "30",
            "45",
            "55"
        ],
        "17": [
            "00",
            "20",
            "40"
        ],
        "18": [
            "00",
            "20",
            "40"
        ],
        "19": [
            "00",
            "37",
            "59"
        ],
        "20": [
            "18",
            "37",
            "59"
        ],
        "21": [
            "18",
            "37",
            "59"
        ],
        "22": [
            "18",
            "59"
        ],
        "23": [
            "34"
        ]
    }
}