{
    "line": "54",
    "direction": "Kozanów",
    "przystanek": "Rynek Główny",
    "rozkład": {
        "04": [
            "19",
            "59"
        ],
        "05": [
            "19",
            "39",
            "59"
        ],
        "06": [
            "19",
            "43"
        ],
        "07": [
            "08",
            "19",
            "33",
            "43",
            "53"
        ],
        "08": [
            "08",
            "19",
            "31",
            "43",
            "53"
        ],
        "09": [
            "08",
            "19",
            "44"
        ],
        "10": [
            "09",
            "34",
            "54"
        ],
        "11": [
            "14",
            "34",
            "54"
        ],
        "12": [
            "14",
            "34",
            "54"
        ],
        "13": [
            "04",
            "19",
            "41"
        ],
        "14": [
            "08",
            "09",
            "24",
            "39",
            "54"
        ],
        "15": [
            "09",
            "24",
            "39",
            "54"
        ],
        "16": [
            "04",
            "09",
            "24",
            "39",
            "54"
        ],
        "17": [
            "04",
            "09",
            "29",
            "49"
        ],
        "18": [
            "09",
            "29",
            "49"
        ],
        "19": [
            "09",
            "46"
        ],
        "20": [
            "08",
            "27",
            "46"
        ],
        "21": [
            "08",
            "27",
            "46"
        ],
        "22": [
            "08",
            "27"
        ],
        "23": [
            "08",
            "43"
        ]
    }
}