{
    "line": "54",
    "direction": "Kozanów",
    "przystanek": "Karłowicza",
    "rozkład": {
        "04": [
            "20"
        ],
        "05": [
            "00",
            "20",
            "40"
        ],
        "06": [
            "00",
            "20",
            "44"
        ],
        "07": [
            "09",
            "20",
            "34",
            "44",
            "54"
        ],
        "08": [
            "09",
            "20",
            "32",
            "44",
            "54"
        ],
        "09": [
            "09",
            "20",
            "45"
        ],
        "10": [
            "10",
            "35",
            "55"
        ],
        "11": [
            "15",
            "35",
            "55"
        ],
        "12": [
            "15",
            "35",
            "55"
        ],
        "13": [
            "05",
            "20",
            "42"
        ],
        "14": [
            "09",
            "10",
            "25",
            "40",
            "55"
        ],
        "15": [
            "10",
            "25",
            "40",
            "55"
        ],
        "16": [
            "05",
            "10",
            "25",
            "40",
            "55"
        ],
        "17": [
            "05",
            "10",
            "30",
            "50"
        ],
        "18": [
            "10",
            "30",
            "50"
        ],
        "19": [
            "10",
            "47"
        ],
        "20": [
            "09",
            "28",
            "47"
        ],
        "21": [
            "09",
            "28",
            "47"
        ],
        "22": [
            "09",
            "28"
        ],
        "23": [
            "09",
            "44"
        ]
    }
}