{
    "line": "54",
    "direction": "Kozanów",
    "przystanek": "Kozanów",
    "rozkład": {
        "04": [
            "23"
        ],
        "05": [
            "03",
            "23",
            "43"
        ],
        "06": [
            "03",
            "23",
            "47"
        ],
        "07": [
            "12",
            "23",
            "37",
            "47",
            "57"
        ],
        "08": [
            "12",
            "23",
            "35",
            "47",
            "57"
        ],
        "09": [
            "12",
            "23",
            "48"
        ],
        "10": [
            "13",
            "38",
            "58"
        ],
        "11": [
            "18",
            "38",
            "58"
        ],
        "12": [
            "18",
            "38",
            "58"
        ],
        "13": [
            "08",
            "23",
            "45"
        ],
        "14": [
            "12",
            "13",
            "28",
            "43",
            "58"
        ],
        "15": [
            "13",
            "28",
            "43",
            "58"
        ],
        "16": [
            "08",
            "13",
            "28",
            "43",
            "58"
        ],
        "17": [
            "08",
            "13",
            "33",
            "53"
        ],
        "18": [
            "13",
            "33",
            "53"
        ],
        "19": [
            "13",
            "50"
        ],
        "20": [
            "12",
            "31",
            "50"
        ],
        "21": [
            "12",
            "31",
            "50"
        ],
        "22": [
            "12",
            "31"
        ],
        "23": [
            "12",
            "47"
        ]
    }
}