{
    "line": "54",
    "direction": "Kozanów",
    "przystanek": "Al. Jana Pawła II",
    "rozkład": {
        "04": [
            "15",
            "55"
        ],
        "05": [
            "15",
            "35",
            "55"
        ],
        "06": [
            "15",
            "39"
        ],
        "07": [
            "04",
            "15",
            "29",
            "39",
            "49"
        ],
        "08": [
            "04",
            "15",
            "27",
            "39",
            "49"
        ],
        "09": [
            "04",
            "15",
            "40"
        ],
        "10": [
            "05",
            "30",
            "50"
        ],
        "11": [
            "10",
            "30",
            "50"
        ],
        "12": [
            "10",
            "30",
            "50"
        ],
        "13": [
            "00",
            "15",
            "37"
        ],
        "14": [
            "04",
            "05",
            "20",
            "35",
            "50"
        ],
        "15": [
            "05",
            "20",
            "35",
            "50"
        ],
        "16": [
            "00",
            "05",
            "20",
            "35",
            "50"
        ],
        "17": [
            "00",
            "05",
            "25",
            "45"
        ],
        "18": [
            "05",
            "25",
            "45"
        ],
        "19": [
            "05",
            "42"
        ],
        "20": [
            "04",
            "23",
            "42"
        ],
        "21": [
            "04",
            "23",
            "42"
        ],
        "22": [
            "04",
            "23"
        ],
        "23": [
            "04",
            "39"
        ]
    }
}