{
    "line": "54",
    "direction": "Kozanów",
    "przystanek": "Dw. Głowny",
    "rozkład": {
        "04": [
            "16",
            "56"
        ],
        "05": [
            "16",
            "36",
            "56"
        ],
        "06": [
            "16",
            "40"
        ],
        "07": [
            "05",
            "16",
            "30",
            "40",
            "50"
        ],
        "08": [
            "05",
            "16",
            "28",
            "40",
            "50"
        ],
        "09": [
            "05",
            "16",
            "41"
        ],
        "10": [
            "06",
            "31",
            "51"
        ],
        "11": [
            "11",
            "31",
            "51"
        ],
        "12": [
            "11",
            "31",
            "51"
        ],
        "13": [
            "01",
            "16",
            "38"
        ],
        "14": [
            "05",
            "06",
            "21",
            "36",
            "51"
        ],
        "15": [
            "06",
            "21",
            "36",
            "51"
        ],
        "16": [
            "01",
            "06",
            "21",
            "36",
            "51"
        ],
        "17": [
            "01",
            "06",
            "26",
            "46"
        ],
        "18": [
            "06",
            "26",
            "46"
        ],
        "19": [
            "06",
            "43"
        ],
        "20": [
            "05",
            "24",
            "43"
        ],
        "21": [
            "05",
            "24",
            "43"
        ],
        "22": [
            "05",
            "24"
        ],
        "23": [
            "05",
            "40"
        ]
    }
}