{
    "line": "10",
    "direction": "Harbutowice",
    "przystanek": "Alwernia",
    "rozkład": {
        "04": [
            "07",
            "26",
            "56"
        ],
        "05": [
            "08",
            "26",
            "56"
        ],
        "06": [
            "15",
            "22",
            "43"
        ],
        "07": [
            "04",
            "15",
            "22",
            "43"
        ],
        "08": [
            "04",
            "15",
            "22",
            "36",
            "50"
        ],
        "09": [
            "04",
            "15",
            "22",
            "29",
            "36",
            "50"
        ],
        "10": [
            "04",
            "15",
            "22",
            "43"
        ],
        "11": [
            "04",
            "15",
            "22",
            "43"
        ],
        "12": [
            "04",
            "14",
            "32",
            "50"
        ],
        "13": [
            "14",
            "32",
            "50"
        ],
        "14": [
            "15",
            "22",
            "29",
            "36",
            "43",
            "57"
        ],
        "15": [
            "15",
            "22",
            "29",
            "36",
            "43",
            "57"
        ],
        "16": [
            "15",
            "22",
            "29",
            "36",
            "43",
            "57"
        ],
        "17": [
            "15",
            "22",
            "29",
            "36",
            "43",
            "57"
        ],
        "18": [
            "15",
            "22",
            "29",
            "36",
            "43",
            "57"
        ],
        "19": [
            "14",
            "26",
            "38",
            "50"
        ],
        "20": [
            "14",
            "26",
            "38",
            "50"
        ],
        "21": [
            "17",
            "35",
            "53"
        ],
        "22": [
            "17",
            "35",
            "53"
        ]
    }
}