{
    "line": "10",
    "direction": "Harbutowice",
    "przystanek": "Radłów",
    "rozkład": {
        "04": [
            "08",
            "27",
            "57"
        ],
        "05": [
            "09",
            "27",
            "57"
        ],
        "06": [
            "16",
            "23",
            "44"
        ],
        "07": [
            "05",
            "16",
            "23",
            "44"
        ],
        "08": [
            "05",
            "16",
            "23",
            "37",
            "51"
        ],
        "09": [
            "05",
            "16",
            "23",
            "30",
            "37",
            "51"
        ],
        "10": [
            "05",
            "16",
            "23",
            "44"
        ],
        "11": [
            "05",
            "16",
            "23",
            "44"
        ],
        "12": [
            "05",
            "15",
            "33",
            "51"
        ],
        "13": [
            "15",
            "33",
            "51"
        ],
        "14": [
            "16",
            "23",
            "30",
            "37",
            "44",
            "58"
        ],
        "15": [
            "16",
            "23",
            "30",
            "37",
            "44",
            "58"
        ],
        "16": [
            "16",
            "23",
            "30",
            "37",
            "44",
            "58"
        ],
        "17": [
            "16",
            "23",
            "30",
            "37",
            "44",
            "58"
        ],
        "18": [
            "16",
            "23",
            "30",
            "37",
            "44",
            "58"
        ],
        "19": [
            "15",
            "27",
            "39",
            "51"
        ],
        "20": [
            "15",
            "27",
            "39",
            "51"
        ],
        "21": [
            "18",
            "36",
            "54"
        ],
        "22": [
            "18",
            "36",
            "54"
        ]
    }
}