{
    "line": "10",
    "direction": "Harbutowice",
    "przystanek": "Regulice",
    "rozkład": {
        "04": [
            "09",
            "28",
            "58"
        ],
        "05": [
            "10",
            "28",
            "58"
        ],
        "06": [
            "17",
            "24",
            "45"
        ],
        "07": [
            "06",
            "17",
            "24",
            "45"
        ],
        "08": [
            "06",
            "17",
            "24",
            "38",
            "52"
        ],
        "09": [
            "06",
            "17",
            "24",
            "31",
            "38",
            "52"
        ],
        "10": [
            "06",
            "17",
            "24",
            "45"
        ],
        "11": [
            "06",
            "17",
            "24",
            "45"
        ],
        "12": [
            "06",
            "16",
            "34",
            "52"
        ],
        "13": [
            "16",
            "34",
            "52"
        ],
        "14": [
            "17",
            "24",
            "31",
            "38",
            "45",
            "59"
        ],
        "15": [
            "17",
            "24",
            "31",
            "38",
            "45",
            "59"
        ],
        "16": [
            "17",
            "24",
            "31",
            "38",
            "45",
            "59"
        ],
        "17": [
            "17",
            "24",
            "31",
            "38",
            "45",
            "59"
        ],
        "18": [
            "17",
            "24",
            "31",
            "38",
            "45",
            "59"
        ],
        "19": [
            "16",
            "28",
            "40",
            "52"
        ],
        "20": [
            "16",
            "28",
            "40",
            "52"
        ],
        "21": [
            "19",
            "37",
            "55"
        ],
        "22": [
            "19",
            "37",
            "55"
        ]
    }
}