{
    "line": "10",
    "direction": "Harbutowice",
    "przystanek": "Kęty Ratusz",
    "rozkład": {
        "04": [
            "12",
            "31"
        ],
        "05": [
            "01",
            "13",
            "31"
        ],
        "06": [
            "01",
            "20",
            "27",
            "48"
        ],
        "07": [
            "09",
            "20",
            "27",
            "48"
        ],
        "08": [
            "09",
            "20",
            "27",
            "41",
            "55"
        ],
        "09": [
            "09",
            "20",
            "27",
            "34",
            "41",
            "55"
        ],
        "10": [
            "09",
            "20",
            "27",
            "48"
        ],
        "11": [
            "09",
            "20",
            "27",
            "48"
        ],
        "12": [
            "09",
            "19",
            "37",
            "55"
        ],
        "13": [
            "19",
            "37",
            "55"
        ],
        "14": [
            "20",
            "27",
            "34",
            "41",
            "48"
        ],
        "15": [
            "02",
            "20",
            "27",
            "34",
            "41",
            "48"
        ],
        "16": [
            "02",
            "20",
            "27",
            "34",
            "41",
            "48"
        ],
        "17": [
            "02",
            "20",
            "27",
            "34",
            "41",
            "48"
        ],
        "18": [
            "02",
            "20",
            "27",
            "34",
            "41",
            "48"
        ],
        "19": [
            "02",
            "19",
            "31",
            "43",
            "55"
        ],
        "20": [
            "19",
            "31",
            "43",
            "55"
        ],
        "21": [
            "22",
            "40",
            "58"
        ],
        "22": [
            "22",
            "40",
            "58"
        ]
    }
}