{
    "line": "10",
    "direction": "Harbutowice",
    "przystanek": "Rzędzin",
    "rozkład": {
        "03": [
            "59"
        ],
        "04": [
            "18",
            "48"
        ],
        "05": [
            "00",
            "18",
            "48"
        ],
        "06": [
            "07",
            "14",
            "35",
            "56"
        ],
        "07": [
            "07",
            "14",
            "35",
            "56"
        ],
        "08": [
            "07",
            "14",
            "28",
            "42",
            "56"
        ],
        "09": [
            "07",
            "14",
            "21",
            "28",
            "42",
            "56"
        ],
        "10": [
            "07",
            "14",
            "35",
            "56"
        ],
        "11": [
            "07",
            "14",
            "35",
            "56"
        ],
        "12": [
            "06",
            "24",
            "42"
        ],
        "13": [
            "06",
            "24",
            "42"
        ],
        "14": [
            "07",
            "14",
            "21",
            "28",
            "35",
            "49"
        ],
        "15": [
            "07",
            "14",
            "21",
            "28",
            "35",
            "49"
        ],
        "16": [
            "07",
            "14",
            "21",
            "28",
            "35",
            "49"
        ],
        "17": [
            "07",
            "14",
            "21",
            "28",
            "35",
            "49"
        ],
        "18": [
            "07",
            "14",
            "21",
            "28",
            "35",
            "49"
        ],
        "19": [
            "06",
            "18",
            "30",
            "42"
        ],
        "20": [
            "06",
            "18",
            "30",
            "42"
        ],
        "21": [
            "09",
            "27",
            "45"
        ],
        "22": [
            "09",
            "27",
            "45"
        ]
    }
}