{
    "line": "10",
    "direction": "Harbutowice",
    "przystanek": "Al. Jana Pawła II",
    "rozkład": {
        "04": [
            "02",
            "21",
            "51"
        ],
        "05": [
            "03",
            "21",
            "51"
        ],
        "06": [
            "10",
            "17",
            "38",
            "59"
        ],
        "07": [
            "10",
            "17",
            "38",
            "59"
        ],
        "08": [
            "10",
            "17",
            "31",
            "45",
            "59"
        ],
        "09": [
            "10",
            "17",
            "24",
            "31",
            "45",
            "59"
        ],
        "10": [
            "10",
            "17",
            "38",
            "59"
        ],
        "11": [
            "10",
            "17",
            "38",
            "59"
        ],
        "12": [
            "09",
            "27",
            "45"
        ],
        "13": [
            "09",
            "27",
            "45"
        ],
        "14": [
            "10",
            "17",
            "24",
            "31",
            "38",
            "52"
        ],
        "15": [
            "10",
            "17",
            "24",
            "31",
            "38",
            "52"
        ],
        "16": [
            "10",
            "17",
            "24",
            "31",
            "38",
            "52"
        ],
        "17": [
            "10",
            "17",
            "24",
            "31",
            "38",
            "52"
        ],
        "18": [
            "10",
            "17",
            "24",
            "31",
            "38",
            "52"
        ],
        "19": [
            "09",
            "21",
            "33",
            "45"
        ],
        "20": [
            "09",
            "21",
            "33",
            "45"
        ],
        "21": [
            "12",
            "30",
            "48"
        ],
        "22": [
            "12",
            "30",
            "48"
        ]
    }
}