{
    "line": "10",
    "direction": "Harbutowice",
    "przystanek": "Dworzec Główny",
    "rozkład": {
        "04": [
            "03",
            "22",
            "52"
        ],
        "05": [
            "04",
            "22",
            "52"
        ],
        "06": [
            "11",
            "18",
            "39"
        ],
        "07": [
            "00",
            "11",
            "18",
            "39"
        ],
        "08": [
            "00",
            "11",
            "18",
            "32",
            "46"
        ],
        "09": [
            "00",
            "11",
            "18",
            "25",
            "32",
            "46"
        ],
        "10": [
            "00",
            "11",
            "18",
            "39"
        ],
        "11": [
            "00",
            "11",
            "18",
            "39"
        ],
        "12": [
            "00",
            "10",
            "28",
            "46"
        ],
        "13": [
            "10",
            "28",
            "46"
        ],
        "14": [
            "11",
            "18",
            "25",
            "32",
            "39",
            "53"
        ],
        "15": [
            "11",
            "18",
            "25",
            "32",
            "39",
            "53"
        ],
        "16": [
            "11",
            "18",
            "25",
            "32",
            "39",
            "53"
        ],
        "17": [
            "11",
            "18",
            "25",
            "32",
            "39",
            "53"
        ],
        "18": [
            "11",
            "18",
            "25",
            "32",
            "39",
            "53"
        ],
        "19": [
            "10",
            "22",
            "34",
            "46"
        ],
        "20": [
            "10",
            "22",
            "34",
            "46"
        ],
        "21": [
            "13",
            "31",
            "49"
        ],
        "22": [
            "13",
            "31",
            "49"
        ]
    }
}