{
    "line": "10",
    "direction": "Harbutowice",
    "przystanek": "Kombinat",
    "rozkład": {
        "04": [
            "05",
            "24",
            "54"
        ],
        "05": [
            "06",
            "24",
            "54"
        ],
        "06": [
            "13",
            "20",
            "41"
        ],
        "07": [
            "02",
            "13",
            "20",
            "41"
        ],
        "08": [
            "02",
            "13",
            "20",
            "34",
            "48"
        ],
        "09": [
            "02",
            "13",
            "20",
            "27",
            "34",
            "48"
        ],
        "10": [
            "02",
            "13",
            "20",
            "41"
        ],
        "11": [
            "02",
            "13",
            "20",
            "41"
        ],
        "12": [
            "02",
            "12",
            "30",
            "48"
        ],
        "13": [
            "12",
            "30",
            "48"
        ],
        "14": [
            "13",
            "20",
            "27",
            "34",
            "41",
            "55"
        ],
        "15": [
            "13",
            "20",
            "27",
            "34",
            "41",
            "55"
        ],
        "16": [
            "13",
            "20",
            "27",
            "34",
            "41",
            "55"
        ],
        "17": [
            "13",
            "20",
            "27",
            "34",
            "41",
            "55"
        ],
        "18": [
            "13",
            "20",
            "27",
            "34",
            "41",
            "55"
        ],
        "19": [
            "12",
            "24",
            "36",
            "48"
        ],
        "20": [
            "12",
            "24",
            "36",
            "48"
        ],
        "21": [
            "15",
            "33",
            "51"
        ],
        "22": [
            "15",
            "33",
            "51"
        ]
    }
}