{
    "line": "10",
    "direction": "Harbutowice",
    "przystanek": "Rondo Czyżyńskie",
    "rozkład": {
        "04": [
            "06",
            "25",
            "55"
        ],
        "05": [
            "07",
            "25",
            "55"
        ],
        "06": [
            "14",
            "21",
            "42"
        ],
        "07": [
            "03",
            "14",
            "21",
            "42"
        ],
        "08": [
            "03",
            "14",
            "21",
            "35",
            "49"
        ],
        "09": [
            "03",
            "14",
            "21",
            "28",
            "35",
            "49"
        ],
        "10": [
            "03",
            "14",
            "21",
            "42"
        ],
        "11": [
            "03",
            "14",
            "21",
            "42"
        ],
        "12": [
            "03",
            "13",
            "31",
            "49"
        ],
        "13": [
            "13",
            "31",
            "49"
        ],
        "14": [
            "14",
            "21",
            "28",
            "35",
            "42",
            "56"
        ],
        "15": [
            "14",
            "21",
            "28",
            "35",
            "42",
            "56"
        ],
        "16": [
            "14",
            "21",
            "28",
            "35",
            "42",
            "56"
        ],
        "17": [
            "14",
            "21",
            "28",
            "35",
            "42",
            "56"
        ],
        "18": [
            "14",
            "21",
            "28",
            "35",
            "42",
            "56"
        ],
        "19": [
            "13",
            "25",
            "37",
            "49"
        ],
        "20": [
            "13",
            "25",
            "37",
            "49"
        ],
        "21": [
            "16",
            "34",
            "52"
        ],
        "22": [
            "16",
            "34",
            "52"
        ]
    }
}