{
    "line": "10",
    "direction": "Rzędzin Pętla",
    "przystanek": "Wieczysta",
    "rozkład": {
        "04": [
            "29",
            "50"
        ],
        "05": [
            "15",
            "29",
            "50"
        ],
        "06": [
            "15",
            "36",
            "43"
        ],
        "07": [
            "04",
            "22",
            "36",
            "43"
        ],
        "08": [
            "04",
            "22",
            "36",
            "43",
            "57"
        ],
        "09": [
            "04",
            "22",
            "36",
            "43",
            "50",
            "58"
        ],
        "10": [
            "36",
            "43"
        ],
        "11": [
            "04",
            "22",
            "36"
        ],
        "12": [
            "04",
            "22",
            "36",
            "50"
        ],
        "13": [
            "07",
            "36",
            "50"
        ],
        "14": [
            "07",
            "30",
            "37",
            "44",
            "51",
            "58"
        ],
        "15": [
            "22",
            "30",
            "37",
            "44",
            "51",
            "58"
        ],
        "16": [
            "22",
            "30",
            "37",
            "44",
            "51",
            "58"
        ],
        "17": [
            "22",
            "30",
            "37",
            "44",
            "51",
            "58"
        ],
        "18": [
            "22",
            "37",
            "44",
            "51"
        ],
        "19": [
            "33",
            "50",
            "59"
        ],
        "20": [
            "07",
            "33",
            "50",
            "59"
        ],
        "21": [
            "07",
            "38",
            "53"
        ],
        "22": [
            "08",
            "38"
        ]
    }
}