{
    "line": "10",
    "direction": "Rzędzin Pętla",
    "przystanek": "Mrożka",
    "rozkład": {
        "04": [
            "30",
            "51"
        ],
        "05": [
            "16",
            "30",
            "51"
        ],
        "06": [
            "16",
            "37",
            "44"
        ],
        "07": [
            "05",
            "23",
            "37",
            "44"
        ],
        "08": [
            "05",
            "23",
            "37",
            "44",
            "58"
        ],
        "09": [
            "05",
            "23",
            "37",
            "44",
            "51",
            "59"
        ],
        "10": [
            "37",
            "44"
        ],
        "11": [
            "05",
            "23",
            "37"
        ],
        "12": [
            "05",
            "23",
            "37",
            "51"
        ],
        "13": [
            "08",
            "37",
            "51"
        ],
        "14": [
            "08",
            "31",
            "38",
            "45",
            "52",
            "59"
        ],
        "15": [
            "23",
            "31",
            "38",
            "45",
            "52",
            "59"
        ],
        "16": [
            "23",
            "31",
            "38",
            "45",
            "52",
            "59"
        ],
        "17": [
            "23",
            "31",
            "38",
            "45",
            "52",
            "59"
        ],
        "18": [
            "23",
            "38",
            "45",
            "52"
        ],
        "19": [
            "34",
            "51"
        ],
        "20": [
            "00",
            "08",
            "34",
            "51"
        ],
        "21": [
            "00",
            "08",
            "39",
            "54"
        ],
        "22": [
            "09",
            "39"
        ]
    }
}