{
    "line": "10",
    "direction": "Rzędzin Pętla",
    "przystanek": "Dworzec Główny",
    "rozkład": {
        "04": [
            "31",
            "52"
        ],
        "05": [
            "17",
            "31",
            "52"
        ],
        "06": [
            "17",
            "38",
            "45"
        ],
        "07": [
            "06",
            "24",
            "38",
            "45"
        ],
        "08": [
            "06",
            "24",
            "38",
            "45",
            "59"
        ],
        "09": [
            "06",
            "24",
            "38",
            "45",
            "52"
        ],
        "10": [
            "00",
            "38",
            "45"
        ],
        "11": [
            "06",
            "24",
            "38"
        ],
        "12": [
            "06",
            "24",
            "38",
            "52"
        ],
        "13": [
            "09",
            "38",
            "52"
        ],
        "14": [
            "09",
            "32",
            "39",
            "46",
            "53"
        ],
        "15": [
            "00",
            "24",
            "32",
            "39",
            "46",
            "53"
        ],
        "16": [
            "00",
            "24",
            "32",
            "39",
            "46",
            "53"
        ],
        "17": [
            "00",
            "24",
            "32",
            "39",
            "46",
            "53"
        ],
        "18": [
            "00",
            "24",
            "39",
            "46",
            "53"
        ],
        "19": [
            "35",
            "52"
        ],
        "20": [
            "01",
            "09",
            "35",
            "52"
        ],
        "21": [
            "01",
            "09",
            "40",
            "55"
        ],
        "22": [
            "10",
            "40"
        ]
    }
}