{
    "line": "10",
    "direction": "Rzędzin Pętla",
    "przystanek": "Rzędzin Pętla",
    "rozkład": {
        "04": [
            "34",
            "55"
        ],
        "05": [
            "20",
            "34",
            "55"
        ],
        "06": [
            "20",
            "41",
            "48"
        ],
        "07": [
            "09",
            "27",
            "41",
            "48"
        ],
        "08": [
            "09",
            "27",
            "41",
            "48"
        ],
        "09": [
            "02",
            "09",
            "27",
            "41",
            "48",
            "55"
        ],
        "10": [
            "03",
            "41",
            "48"
        ],
        "11": [
            "09",
            "27",
            "41"
        ],
        "12": [
            "09",
            "27",
            "41",
            "55"
        ],
        "13": [
            "12",
            "41",
            "55"
        ],
        "14": [
            "12",
            "35",
            "42",
            "49",
            "56"
        ],
        "15": [
            "03",
            "27",
            "35",
            "42",
            "49",
            "56"
        ],
        "16": [
            "03",
            "27",
            "35",
            "42",
            "49",
            "56"
        ],
        "17": [
            "03",
            "27",
            "35",
            "42",
            "49",
            "56"
        ],
        "18": [
            "03",
            "27",
            "42",
            "49",
            "56"
        ],
        "19": [
            "38",
            "55"
        ],
        "20": [
            "04",
            "12",
            "38",
            "55"
        ],
        "21": [
            "04",
            "12",
            "43",
            "58"
        ],
        "22": [
            "13",
            "43"
        ]
    }
}