{
    "line": "10",
    "direction": "Rzędzin Pętla",
    "przystanek": "Kęty Kościół",
    "rozkład": {
        "04": [
            "22",
            "43"
        ],
        "05": [
            "08",
            "22",
            "43"
        ],
        "06": [
            "08",
            "29",
            "36",
            "57"
        ],
        "07": [
            "15",
            "29",
            "36",
            "57"
        ],
        "08": [
            "15",
            "29",
            "36",
            "50",
            "57"
        ],
        "09": [
            "15",
            "29",
            "36",
            "43",
            "51",
            "58x"
        ],
        "10": [
            "15x",
            "29",
            "36",
            "57"
        ],
        "11": [
            "15",
            "29",
            "36x",
            "57"
        ],
        "12": [
            "15",
            "29",
            "43"
        ],
        "13": [
            "00",
            "29",
            "43"
        ],
        "14": [
            "00",
            "23",
            "30",
            "37",
            "44",
            "51"
        ],
        "15": [
            "15",
            "23",
            "30",
            "37",
            "44",
            "51"
        ],
        "16": [
            "15",
            "23",
            "30",
            "37",
            "44",
            "51"
        ],
        "17": [
            "15",
            "23",
            "30",
            "37",
            "44",
            "51"
        ],
        "18": [
            "15",
            "23x",
            "30",
            "37",
            "44",
            "51x"
        ],
        "19": [
            "15x",
            "26",
            "43",
            "52"
        ],
        "20": [
            "00",
            "26",
            "43",
            "52"
        ],
        "21": [
            "00",
            "31",
            "46"
        ],
        "22": [
            "01",
            "31",
            "46x"
        ],
        "23": [
            "01x"
        ]
    }
}