{
    "line": "10",
    "direction": "Rzędzin Pętla",
    "przystanek": "Zagórze",
    "rozkład": {
        "04": [
            "23",
            "44"
        ],
        "05": [
            "09",
            "23",
            "44"
        ],
        "06": [
            "09",
            "30",
            "37",
            "58"
        ],
        "07": [
            "16",
            "30",
            "37",
            "58"
        ],
        "08": [
            "16",
            "30",
            "37",
            "51",
            "58"
        ],
        "09": [
            "16",
            "30",
            "37",
            "44",
            "52",
            "59x"
        ],
        "10": [
            "16x",
            "30",
            "37",
            "58"
        ],
        "11": [
            "16",
            "30",
            "37x",
            "58"
        ],
        "12": [
            "16",
            "30",
            "44"
        ],
        "13": [
            "01",
            "30",
            "44"
        ],
        "14": [
            "01",
            "24",
            "31",
            "38",
            "45",
            "52"
        ],
        "15": [
            "16",
            "24",
            "31",
            "38",
            "45",
            "52"
        ],
        "16": [
            "16",
            "24",
            "31",
            "38",
            "45",
            "52"
        ],
        "17": [
            "16",
            "24",
            "31",
            "38",
            "45",
            "52"
        ],
        "18": [
            "16",
            "24x",
            "31",
            "38",
            "45",
            "52x"
        ],
        "19": [
            "16x",
            "27",
            "44",
            "53"
        ],
        "20": [
            "01",
            "27",
            "44",
            "53"
        ],
        "21": [
            "01",
            "32",
            "47"
        ],
        "22": [
            "02",
            "32",
            "47x"
        ],
        "23": [
            "02x"
        ]
    }
}