{
    "line": "10",
    "direction": "Rzędzin Pętla",
    "przystanek": "Radłów",
    "rozkład": {
        "04": [
            "25",
            "46"
        ],
        "05": [
            "11",
            "25",
            "46"
        ],
        "06": [
            "11",
            "32",
            "39"
        ],
        "07": [
            "00",
            "18",
            "32",
            "39"
        ],
        "08": [
            "00",
            "18",
            "32",
            "39",
            "53"
        ],
        "09": [
            "00",
            "18",
            "32",
            "39",
            "46",
            "54"
        ],
        "10": [
            "32",
            "39"
        ],
        "11": [
            "00",
            "18",
            "32"
        ],
        "12": [
            "00",
            "18",
            "32",
            "46"
        ],
        "13": [
            "03",
            "32",
            "46"
        ],
        "14": [
            "03",
            "26",
            "33",
            "40",
            "47",
            "54"
        ],
        "15": [
            "18",
            "26",
            "33",
            "40",
            "47",
            "54"
        ],
        "16": [
            "18",
            "26",
            "33",
            "40",
            "47",
            "54"
        ],
        "17": [
            "18",
            "26",
            "33",
            "40",
            "47",
            "54"
        ],
        "18": [
            "18",
            "33",
            "40",
            "47"
        ],
        "19": [
            "29",
            "46",
            "55"
        ],
        "20": [
            "03",
            "29",
            "46",
            "55"
        ],
        "21": [
            "03",
            "34",
            "49"
        ],
        "22": [
            "04",
            "34"
        ]
    }
}